,count,mean,std,min,lq,med,uq,max
HV,30.0,0.811374615722442,0.01543088405064159,0.7695664187801099,0.8036117752121452,0.8168903252159496,0.821416958003452,0.8325912755144946
