,count,mean,std,min,lq,med,uq,max
0,30.0,26283.166666666668,5788.989734286817,17461.0,22658.5,24290.5,29328.25,40316.0
