,count,mean,std,min,lq,med,uq,max,outliers
HV,30.0,0.8540263744889092,0.0020467612817494565,0.8498944780165872,0.8520721954579495,0.8544285193683898,0.8552244394520065,0.8584291440905688,
