,Run_nr,HV
0,Run_1,0.5616354453023065
1,Means,0.5616354453023065
