,count,mean,std,min,lq,med,uq,max,outliers
HV,1.0,0.5616354453023065,,0.5616354453023065,0.5616354453023065,0.5616354453023065,0.5616354453023065,0.5616354453023065,
