,Mean_HV,Mean_f_1,Mean_f_2
0,0.560547064529061,28.63367498298234,2166.73
1,0.5616354453023065,28.56794317127003,2164.515
