,Run_number,Duration,HV Obtained
0,Run_1,0 days 00:00:32.822474,0.5616354453023065
1,Average,0 days 00:00:32.822474,0.5616354453023065
