,count,mean,std,min,lq,med,uq,max
HV,10.0,0.7988349800642396,0.006123107310322961,0.7909489019085757,0.7937606967065858,0.7977460177619076,0.8047775145922406,0.8071812463776059
