,count,mean,std,min,lq,med,uq,max
HV,30.0,0.6311880864373868,0.016380675177453882,0.5506365943760516,0.6291500377973644,0.6342368346296422,0.6364872234857688,0.6482802844341193
