,count,mean,std,min,lq,med,uq,max
0,30.0,122972.96666666666,32163.75873394467,7667.0,111838.5,127876.0,139338.5,176501.0
