,Unnamed: 0,Generation,Intertwine_two,Add_vertex,Delete_vertex,Invert_path_vertices,Insert_inside_vertex,Delete_inside_vertex,Replace_inside_vertex,Donate_between_routes,Trim_one_terminal_cb,Grow_one_terminal_cb
0,0.0,0.0,0.1,0.1,0.1,0.1,0.1,0.1,0.1,0.1,0.1,0.1
1,1.0,1.0,0.0902860451323454,0.111668287740862,0.044353820269606,0.1161229216176363,0.1180802607453099,0.1161229216176363,0.105990813192032,0.1376536520220454,0.0866598168537081,0.0730614608088181
