,Unnamed: 0,Generation,Intertwine_two,Add_vertex,Delete_vertex,Invert_path_vertices,Insert_inside_vertex,Delete_inside_vertex,Replace_inside_vertex,Donate_between_routes,Trim_one_terminal_cb,Grow_one_terminal_cb
0,0.0,0.0,0.1,0.1,0.1,0.1,0.1,0.1,0.1,0.1,0.1,0.1
1,1.0,0.10900000000000001,0.09894117891942565,0.10127184336375397,0.09393456640938706,0.10175739845632237,0.10197074842123878,0.10175739845632237,0.10065299863793149,0.10410424807040297,0.09854592003705419,0.09706369922816119
