,count,mean,std,min,lq,med,uq,max,outliers
HV,20.0,0.8538635863057695,0.0017128839884507341,0.8503710289094193,0.8522942521554917,0.8544986003820416,0.8550422288165118,0.856695139581356,
