,Unnamed: 0,Generation,Intertwine_two,Add_vertex,Delete_vertex,Invert_path_vertices,Insert_inside_vertex,Delete_inside_vertex,Replace_inside_vertex,Donate_between_routes,Trim_one_terminal_cb,Grow_one_terminal_cb
0,0.0,0.0,0.1,0.1,0.1,0.1,0.1,0.1,0.1,0.1,0.1,0.1
1,1.0,1.0,0.0964550998065011,0.1344294425530731,0.0844849265494294,0.1045924589664808,0.1037149006256987,0.0822147212765365,0.0880163569739295,0.1294566119553077,0.0896739671731846,0.086961514119858
