,Unnamed: 0,Generation,Intertwine_two,Add_vertex,Delete_vertex,Invert_path_vertices,Insert_inside_vertex,Delete_inside_vertex,Replace_inside_vertex,Donate_between_routes,Trim_one_terminal_cb,Grow_one_terminal_cb
0,0.0,0.0,0.1,0.1,0.1,0.1,0.1,0.1,0.1,0.1,0.1,0.1
1,1.0,0.10900000000000001,0.09961360587890863,0.10375280923828498,0.09830885699388782,0.10050057802734641,0.10040492416820115,0.09806140461914248,0.09869378291015833,0.10321077070312853,0.09887446242187713,0.09857880503906453
