,count,mean,std,min,lq,med,uq,max,outliers
HV,30.0,0.7978149093940555,0.006399801586068127,0.7848253570487294,0.7934996732465912,0.7982342699310492,0.8030720483142366,0.8077281915613337,
