,count,mean,std,min,lq,med,uq,max
HV,25.0,0.8078076816800219,0.024282179078372206,0.7340005045832982,0.8053413746290712,0.8144887489938368,0.8211644661228379,0.8352159095914878
