,count,mean,std,min,lq,med,uq,max
HV,20.0,0.8473988208598987,0.0018899917776790541,0.8445209974832559,0.8455049178676219,0.8474000024428688,0.8485880390642955,0.8507960330815207
