,Run_nr,HV
0,Run_1,0.4984188868822484
1,Means,0.4984188868822484
