,count,mean,std,min,lq,med,uq,max,outliers
HV,1.0,0.4984188868822484,,0.4984188868822484,0.4984188868822484,0.4984188868822484,0.4984188868822484,0.4984188868822484,
