,Mean_HV,Mean_f_1,Mean_f_2
0,0.4953083016768058,31.721747128593663,2810.28
1,0.4984188868822484,31.74971108452764,2800.71
