,Run_number,Duration,HV Obtained
0,Run_1,0 days 00:01:01.367358,0.49841888688224845
1,Average,0 days 00:01:01.367358,0.49841888688224845
