,count,mean,std,min,lq,med,uq,max
HV,30.0,0.7553560399828515,0.01694355382664281,0.7095878459157434,0.7463548902674497,0.7593622709097081,0.7679373022072075,0.7797214730454185
