,count,mean,std,min,lq,med,uq,max
HV,10.0,0.8544370091826151,0.0014992869356675207,0.8517037695576087,0.8542509140566495,0.8551401420041569,0.8553704081918696,0.855575445214668
