,count,mean,std,min,lq,med,uq,max
HV,30.0,0.7729260782944274,0.048088410388783746,0.5682423307827995,0.7585047905409519,0.7832520584469875,0.8053680419764471,0.8197310187161119
