,count,mean,std,min,lq,med,uq,max
0,30.0,29240.966666666667,16165.374598053775,10351.0,18676.0,24451.0,34076.0,70651.0
