,count,mean,std,min,lq,med,uq,max,outliers
HV,20.0,0.8123034768613209,0.005791373812273223,0.8005391008471903,0.8083799800968126,0.814045915385196,0.81633372590317,0.820758683688041,
