,Unnamed: 0,Generation,HV,APD,mean_f_1,mean_f_2
0,0.0,0.0,0.560547064529061,0.0,28.63367498298234,2166.73
1,1.0,1.0,0.5616354453023065,0.0,28.56794317127003,2164.515
