,Run_nr,HV
0,Run_1,0.652741732458141
1,Run_2,0.6492235231268133
2,Run_3,0.6537486067116431
3,Run_4,0.6438700164993023
4,Means,0.649895969698975
