,count,mean,std,min,lq,med,uq,max
HV,4.0,0.649895969698975,0.004461146115439184,0.6438700164993023,0.6478851464699356,0.6509826277924772,0.6529934510215165,0.6537486067116431
