,count,mean,std,min,lq,med,uq,max
HV,20.0,0.7973048740589634,0.0066281941618800706,0.7848253570487294,0.793565172402184,0.7992919400287275,0.8020501538997808,0.8077281915613337
