,count,mean,std,min,lq,med,uq,max
HV,20.0,0.7457685325489093,0.005156262398858314,0.7335119769505403,0.7423554548159741,0.7457784466874062,0.7501444285489923,0.7527685123970511
