,count,mean,std,min,lq,med,uq,max
HV,30.0,0.6445143317084135,0.020640798095451,0.619833699059146,0.6306459936868739,0.6379743240950739,0.6521723612758603,0.6908704987418475
