,count,mean,std,min,lq,med,uq,max
HV,10.0,0.8468591334094338,0.0018415281562875702,0.8448169592687457,0.8455523119093531,0.8465144815214942,0.8474207715239794,0.8510710817368485
