,count,mean,std,min,lq,med,uq,max,outliers
HV,20.0,0.6923883409624445,0.0038517537301322687,0.6866446900588865,0.6899398209900308,0.6916318152778842,0.6945902911711752,0.7001899272028758,
