,count,mean,std,min,lq,med,uq,max
0,30.0,32428.433333333334,17568.87497758923,13663.0,19251.0,27151.0,43201.0,90065.0
