,count,mean,std,min,lq,med,uq,max
HV,30.0,0.7640451925593232,0.01956728993862807,0.7232484615104386,0.7536562028978641,0.7638417495241887,0.7738529428589217,0.8090342635810411
