,count,mean,std,min,lq,med,uq,max
HV,20.0,0.8512641813936913,0.004385104832278703,0.8375458029482081,0.8508025277220466,0.8525022926503039,0.8535661224375377,0.8558958155627905
