,count,mean,std,min,lq,med,uq,max
HV,30.0,0.5696759766063034,0.004696778034545697,0.5615462222267844,0.5657013558689571,0.56929982874125,0.572686921583047,0.579097733783752
