,count,mean,std,min,lq,med,uq,max,outliers
HV,20.0,0.7557404792739291,0.003003118400758041,0.750381853377948,0.7545679697724572,0.754927600172471,0.7581878082732723,0.7610972931875093,
