,count,mean,std,min,lq,med,uq,max
HV,30.0,0.7525033193523468,0.009850019603307862,0.7387716686317027,0.7461272108496391,0.7501876031046981,0.7574724407551949,0.7872559597577716
