,Run_nr,HV
0,Run_1,0.7060362227179154
1,Run_2,0.7134050263470972
2,Run_3,0.6912377821806086
3,Means,0.7035596770818738
