,count,mean,std,min,lq,med,uq,max
HV,3.0,0.7035596770818738,0.011289226598829916,0.6912377821806086,0.6986370024492621,0.7060362227179154,0.7097206245325063,0.7134050263470972
