,count,mean,std,min,lq,med,uq,max
HV,30.0,0.5850900778140417,0.02953898053953309,0.5350096528878985,0.5667134223022975,0.5726983747738024,0.5938242510760893,0.6541704271705616
