,count,mean,std,min,lq,med,uq,max
0,30.0,107328.96666666666,37315.16022271814,6731.0,82963.5,105501.0,125526.0,196201.0
