,count,mean,std,min,lq,med,uq,max
HV,20.0,0.8530874090448559,0.002040428087131168,0.8502637048427983,0.8515778239645029,0.8528070449439553,0.8542853538690728,0.8574920608223104
