,count,mean,std,min,lq,med,uq,max
HV,30.0,0.8472189250430769,0.001860034235153872,0.8445209974832559,0.8454932327608491,0.8471729341787164,0.8483877252145368,0.8510710817368485
