,count,mean,std,min,lq,med,uq,max
HV,20.0,0.8226855574141394,0.0031013929110227513,0.8145990218615036,0.821750561672001,0.8228665604414693,0.825045636770216,0.8267164153963851
