,count,mean,std,min,lq,med,uq,max
HV,19.0,0.8231111645484886,0.00251573246805519,0.8179377387457563,0.8220425465614255,0.823000878884512,0.8252942413194593,0.8267164153963851
