,count,mean,std,min,lq,med,uq,max
HV,20.0,0.6446403801849961,0.00485814610402487,0.6379669309906855,0.6412750477935465,0.6437652530093343,0.6472499216469958,0.6581725615660392
