,count,mean,std,min,lq,med,uq,max
HV,19.0,0.6439281601123098,0.0037688213870646697,0.6379669309906855,0.6408713688257174,0.6432195824459135,0.6471169308002449,0.6496449437773856
